{
    "mean": [
        0.021920301020145416,
        -0.7166082859039307,
        -0.017867064103484154,
        -0.872430682182312,
        7.602060794830322,
        -0.028956666588783264
    ],
    "std": [
        0.3523232638835907,
        0.5230420231819153,
        0.5206506848335266,
        37.162750244140625,
        45.09214782714844,
        22.529762268066406
    ]
}