{"type": "standard", "mean": [54.33057851239669, 0.6859504132231405, 0.987603305785124, 0.15289256198347106, 150.41322314049586, 0.30991735537190085], "scale": [9.248085287426, 0.46413623411897426, 1.0264333053038595, 0.3598839069388926, 22.501852787438718, 0.46245928276031795]}